{
  "urls": [
    "ch7.ogg",
    "ch7.m4a"
  ],
  "sprite": {
    "LuckyNumberSelect_4": [
      0,
      2014.8072562358275
    ],
    "NumberSelect_5": [
      4000,
      1498.2312925170068
    ]
  }
}