{
  "urls": [
    "ch9.ogg",
    "ch9.m4a"
  ],
  "sprite": {
    "BonusActivated": [
      0,
      1505.7596371882087
    ],
    "CashoutToken": [
      3000,
      809.5011337868483
    ],
    "InstantWin": [
      5000,
      1897.596371882086
    ]
  }
}