{
  "urls": [
    "ch2.ogg",
    "ch2.m4a"
  ],
  "sprite": {
    "BetUp": [
      0,
      923.0612244897959
    ],
    "BonusNoWin": [
      2000,
      2000
    ],
    "BuyButton": [
      5000,
      1916.1224489795918
    ],
    "WinScale_2": [
      8000,
      1384.625850340136
    ]
  }
}