{
  "urls": [
    "ch3.ogg",
    "ch3.m4a"
  ],
  "sprite": {
    "BetMax": [
      0,
      1846.1678004535147
    ],
    "LuckyNumberSelect_1": [
      3000,
      2000.045351473923
    ],
    "NumberSelect_1": [
      7000,
      1500
    ],
    "WinningNumberSelect": [
      10000,
      2426.122448979591
    ],
    "WinScale_3": [
      14000,
      1384.603174603175
    ]
  }
}