{
  "urls": [
    "ch4.ogg",
    "ch4.m4a"
  ],
  "sprite": {
    "NumberSelect_2": [
      0,
      1674.0589569160998
    ],
    "UI_Click": [
      3000,
      648.9795918367349
    ],
    "WinScale_4": [
      5000,
      1384.625850340136
    ]
  }
}