{
  "urls": [
    "ch11.ogg",
    "ch11.m4a"
  ],
  "sprite": {
    "WinAll_CountEnd": [
      0,
      1355.9183673469388
    ],
    "WinAll_Revealed": [
      3000,
      1796.1224489795918
    ]
  }
}