{
  "urls": [
    "ch5.ogg",
    "ch5.m4a"
  ],
  "sprite": {
    "LuckyNumberSelect_2": [
      0,
      1800
    ],
    "NumberSelect_3": [
      3000,
      1500.8390022675737
    ],
    "WinScale_5": [
      6000,
      1384.603174603175
    ]
  }
}