{
  "urls": [
    "ch6.ogg",
    "ch6.m4a"
  ],
  "sprite": {
    "LuckyNumberSelect_3": [
      0,
      1933.6054421768706
    ],
    "NumberSelect_4": [
      3000,
      1497.8458049886622
    ],
    "WinScale_6": [
      6000,
      1846.1451247165535
    ]
  }
}